{
	"info": {
		"_postman_id": "a9-miniecommerce-collection",
		"name": "TechHub E-Commerce API",
		"description": "Complete API collection for TechHub E-Commerce platform with authentication, products, orders, cart management, and admin/user features",
		"schema": "https://schema.getpostman.com/json/collection/v2.1.0/collection.json"
	},
	"variable": [
		{
			"key": "baseUrl",
			"value": "http://localhost:3000",
			"type": "string"
		},
		{
			"key": "token",
			"value": "",
			"type": "string"
		},
		{
			"key": "userId",
			"value": "",
			"type": "string"
		},
		{
			"key": "productId",
			"value": "",
			"type": "string"
		},
		{
			"key": "orderId",
			"value": "",
			"type": "string"
		},
		{
			"key": "cartItemId",
			"value": "",
			"type": "string"
		},
		{
			"key": "sessionId",
			"value": "session-123-abc",
			"type": "string"
		}
	],
	"item": [
		{
			"name": "Authentication",
			"item": [
				{
					"name": "Register User",
					"event": [
						{
							"listen": "test",
							"script": {
								"exec": [
									"// Test: Response status code is 201",
									"pm.test(\"Status code is 201 Created\", function () {",
									"    pm.response.to.have.status(201);",
									"});",
									"",
									"// Test: Response time is less than 500ms",
									"pm.test(\"Response time is less than 500ms\", function () {",
									"    pm.expect(pm.response.responseTime).to.be.below(500);",
									"});",
									"",
									"// Test: Response has access token",
									"pm.test(\"Response contains access token\", function () {",
									"    var jsonData = pm.response.json();",
									"    pm.expect(jsonData).to.have.property('access_token');",
									"});",
									"",
									"// Test: User object exists",
									"pm.test(\"Response contains user object\", function () {",
									"    var jsonData = pm.response.json();",
									"    pm.expect(jsonData).to.have.property('user');",
									"    pm.expect(jsonData.user).to.have.property('email');",
									"    pm.expect(jsonData.user).to.have.property('role');",
									"});",
									"",
									"// Save token to environment variable",
									"if (pm.response.code === 201) {",
									"    var jsonData = pm.response.json();",
									"    pm.collectionVariables.set(\"token\", jsonData.access_token);",
									"    pm.collectionVariables.set(\"userId\", jsonData.user.id);",
									"}",
									"",
									"// Log response size",
									"console.log(\"Response Size: \" + pm.response.size().body + \" bytes\");"
								],
								"type": "text/javascript"
							}
						}
					],
					"request": {
						"method": "POST",
						"header": [
							{
								"key": "Content-Type",
								"value": "application/json",
								"type": "text"
							}
						],
						"body": {
							"mode": "raw",
							"raw": "{\n    \"email\": \"newuser@techhub.com\",\n    \"password\": \"password123\",\n    \"name\": \"John Doe\"\n}"
						},
						"url": {
							"raw": "{{baseUrl}}/auth/register",
							"host": [
								"{{baseUrl}}"
							],
							"path": [
								"auth",
								"register"
							]
						},
						"description": "**Register a new user account**\n\n**Expected Response Code:** 201 Created\n\n**Expected Response Time:** < 500ms\n\n**Response Body Example:**\n```json\n{\n    \"access_token\": \"eyJhbGciOiJIUzI1NiIsInR5cCI6IkpXVCJ9...\",\n    \"user\": {\n        \"id\": 1,\n        \"email\": \"newuser@techhub.com\",\n        \"name\": \"John Doe\",\n        \"role\": \"user\"\n    }\n}\n```"
					},
					"response": []
				},
				{
					"name": "Login User",
					"event": [
						{
							"listen": "test",
							"script": {
								"exec": [
									"// Test: Response status code is 200",
									"pm.test(\"Status code is 200 OK\", function () {",
									"    pm.response.to.have.status(200);",
									"});",
									"",
									"// Test: Response time validation",
									"pm.test(\"Response time is acceptable\", function () {",
									"    pm.expect(pm.response.responseTime).to.be.below(1000);",
									"});",
									"",
									"// Test: Has JWT token",
									"pm.test(\"Response contains JWT token\", function () {",
									"    var jsonData = pm.response.json();",
									"    pm.expect(jsonData.access_token).to.be.a('string');",
									"    pm.expect(jsonData.access_token.length).to.be.above(20);",
									"});",
									"",
									"// Save token automatically",
									"if (pm.response.code === 200) {",
									"    var jsonData = pm.response.json();",
									"    pm.collectionVariables.set(\"token\", jsonData.access_token);",
									"    console.log(\"Token saved: \" + jsonData.access_token.substring(0, 20) + \"...\");",
									"}",
									"",
									"// Log metrics",
									"console.log(\"Response Code: \" + pm.response.code);",
									"console.log(\"Response Time: \" + pm.response.responseTime + \"ms\");",
									"console.log(\"Response Size: \" + pm.response.size().body + \" bytes\");"
								],
								"type": "text/javascript"
							}
						}
					],
					"request": {
						"method": "POST",
						"header": [
							{
								"key": "Content-Type",
								"value": "application/json"
							}
						],
						"body": {
							"mode": "raw",
							"raw": "{\n    \"email\": \"user@techhub.com\",\n    \"password\": \"user123\"\n}"
						},
						"url": {
							"raw": "{{baseUrl}}/auth/login",
							"host": [
								"{{baseUrl}}"
							],
							"path": [
								"auth",
								"login"
							]
						},
						"description": "**Login with existing credentials**\n\n**Expected Response Code:** 200 OK\n\n**Expected Response Time:** < 1000ms\n\n**Authorization:** None (Public endpoint)\n\n**Headers:**\n- Content-Type: application/json\n\n**Response Example:**\n```json\n{\n    \"access_token\": \"eyJhbGciOiJIUzI1NiIsInR5cCI6IkpXVCJ9...\",\n    \"user\": {\n        \"id\": 2,\n        \"email\": \"user@techhub.com\",\n        \"name\": \"Regular User\",\n        \"role\": \"user\"\n    }\n}\n```"
					},
					"response": []
				},
				{
					"name": "Login Admin",
					"event": [
						{
							"listen": "test",
							"script": {
								"exec": [
									"pm.test(\"Status code is 200\", function () {",
									"    pm.response.to.have.status(200);",
									"});",
									"",
									"pm.test(\"User role is admin\", function () {",
									"    var jsonData = pm.response.json();",
									"    pm.expect(jsonData.user.role).to.eql('admin');",
									"});",
									"",
									"// Save admin token",
									"if (pm.response.code === 200) {",
									"    var jsonData = pm.response.json();",
									"    pm.collectionVariables.set(\"token\", jsonData.access_token);",
									"}"
								],
								"type": "text/javascript"
							}
						}
					],
					"request": {
						"method": "POST",
						"header": [],
						"body": {
							"mode": "raw",
							"raw": "{\n    \"email\": \"admin@techhub.com\",\n    \"password\": \"admin123\"\n}",
							"options": {
								"raw": {
									"language": "json"
								}
							}
						},
						"url": {
							"raw": "{{baseUrl}}/auth/login",
							"host": [
								"{{baseUrl}}"
							],
							"path": [
								"auth",
								"login"
							]
						},
						"description": "**Admin login endpoint**\n\n**Expected Response Code:** 200 OK\n\n**Role Validation:** Ensures user.role === 'admin'"
					},
					"response": []
				},
				{
					"name": "Get User Profile",
					"event": [
						{
							"listen": "test",
							"script": {
								"exec": [
									"pm.test(\"Status code is 200\", function () {",
									"    pm.response.to.have.status(200);",
									"});",
									"",
									"pm.test(\"Response has user data\", function () {",
									"    var jsonData = pm.response.json();",
									"    pm.expect(jsonData).to.have.property('id');",
									"    pm.expect(jsonData).to.have.property('email');",
									"    pm.expect(jsonData).to.have.property('role');",
									"});",
									"",
									"pm.test(\"Response time is acceptable\", function () {",
									"    pm.expect(pm.response.responseTime).to.be.below(300);",
									"});"
								],
								"type": "text/javascript"
							}
						}
					],
					"request": {
						"auth": {
							"type": "bearer",
							"bearer": [
								{
									"key": "token",
									"value": "{{token}}",
									"type": "string"
								}
							]
						},
						"method": "GET",
						"header": [],
						"url": {
							"raw": "{{baseUrl}}/auth/profile",
							"host": [
								"{{baseUrl}}"
							],
							"path": [
								"auth",
								"profile"
							]
						},
						"description": "**Get authenticated user profile**\n\n**Authorization:** Bearer Token (JWT)\n\n**Expected Response Code:** 200 OK\n\n**Headers:**\n- Authorization: Bearer {{token}}"
					},
					"response": []
				}
			],
			"description": "Authentication endpoints for user registration, login, and profile management"
		},
		{
			"name": "Products",
			"item": [
				{
					"name": "Get All Products",
					"event": [
						{
							"listen": "test",
							"script": {
								"exec": [
									"pm.test(\"Status code is 200\", function () {",
									"    pm.response.to.have.status(200);",
									"});",
									"",
									"pm.test(\"Response is an array\", function () {",
									"    var jsonData = pm.response.json();",
									"    pm.expect(jsonData).to.be.an('array');",
									"});",
									"",
									"pm.test(\"Products have required fields\", function () {",
									"    var jsonData = pm.response.json();",
									"    if (jsonData.length > 0) {",
									"        pm.expect(jsonData[0]).to.have.property('id');",
									"        pm.expect(jsonData[0]).to.have.property('name');",
									"        pm.expect(jsonData[0]).to.have.property('price');",
									"        pm.expect(jsonData[0]).to.have.property('stock');",
									"    }",
									"});",
									"",
									"// Save first product ID",
									"if (pm.response.code === 200) {",
									"    var jsonData = pm.response.json();",
									"    if (jsonData.length > 0) {",
									"        pm.collectionVariables.set(\"productId\", jsonData[0].id);",
									"    }",
									"}",
									"",
									"console.log(\"Total Products: \" + pm.response.json().length);"
								],
								"type": "text/javascript"
							}
						}
					],
					"request": {
						"method": "GET",
						"header": [],
						"url": {
							"raw": "{{baseUrl}}/products",
							"host": [
								"{{baseUrl}}"
							],
							"path": [
								"products"
							]
						},
						"description": "**Retrieve all products**\n\n**Expected Response Code:** 200 OK\n\n**Authorization:** None (Public endpoint)\n\n**Response Example:**\n```json\n[\n    {\n        \"id\": 1,\n        \"name\": \"Laptop Pro 15\\\"\",\n        \"description\": \"High-performance laptop\",\n        \"price\": 1299.99,\n        \"stock\": 15,\n        \"imageUrl\": \"https://example.com/laptop.jpg\"\n    }\n]\n```"
					},
					"response": []
				},
				{
					"name": "Get Product by ID",
					"event": [
						{
							"listen": "test",
							"script": {
								"exec": [
									"pm.test(\"Status code is 200\", function () {",
									"    pm.response.to.have.status(200);",
									"});",
									"",
									"pm.test(\"Product has required fields\", function () {",
									"    var jsonData = pm.response.json();",
									"    pm.expect(jsonData).to.have.property('id');",
									"    pm.expect(jsonData).to.have.property('name');",
									"    pm.expect(jsonData).to.have.property('price');",
									"    pm.expect(jsonData).to.have.property('stock');",
									"});"
								],
								"type": "text/javascript"
							}
						}
					],
					"request": {
						"method": "GET",
						"header": [],
						"url": {
							"raw": "{{baseUrl}}/products/{{productId}}",
							"host": [
								"{{baseUrl}}"
							],
							"path": [
								"products",
								"{{productId}}"
							]
						},
						"description": "**Get a specific product by ID**\n\n**Expected Response Code:** 200 OK\n\n**Authorization:** None (Public endpoint)\n\n**URL Parameters:**\n- productId: ID of the product to retrieve"
					},
					"response": []
				},
				{
					"name": "Create Product (Admin)",
					"event": [
						{
							"listen": "test",
							"script": {
								"exec": [
									"pm.test(\"Status code is 201\", function () {",
									"    pm.response.to.have.status(201);",
									"});",
									"",
									"pm.test(\"Product created successfully\", function () {",
									"    var jsonData = pm.response.json();",
									"    pm.expect(jsonData).to.have.property('id');",
									"    pm.expect(jsonData.name).to.be.a('string');",
									"    pm.expect(jsonData.price).to.be.a('number');",
									"});",
									"",
									"// Save created product ID",
									"if (pm.response.code === 201) {",
									"    var jsonData = pm.response.json();",
									"    pm.collectionVariables.set(\"productId\", jsonData.id);",
									"}"
								],
								"type": "text/javascript"
							}
						}
					],
					"request": {
						"auth": {
							"type": "bearer",
							"bearer": [
								{
									"key": "token",
									"value": "{{token}}",
									"type": "string"
								}
							]
						},
						"method": "POST",
						"header": [
							{
								"key": "Content-Type",
								"value": "application/json"
							}
						],
						"body": {
							"mode": "raw",
							"raw": "{\n    \"name\": \"Wireless Mouse\",\n    \"description\": \"Ergonomic wireless mouse with precision tracking\",\n    \"price\": 29.99,\n    \"stock\": 50,\n    \"imageUrl\": \"https://example.com/mouse.jpg\"\n}"
						},
						"url": {
							"raw": "{{baseUrl}}/products",
							"host": [
								"{{baseUrl}}"
							],
							"path": [
								"products"
							]
						},
						"description": "**Create new product (Admin only)**\n\n**Expected Response Code:** 201 Created\n\n**Authorization:** Bearer Token (Admin role required)\n\n**Headers:**\n- Content-Type: application/json\n- Authorization: Bearer {{token}}"
					},
					"response": []
				},
				{
					"name": "Update Product (Admin)",
					"event": [
						{
							"listen": "test",
							"script": {
								"exec": [
									"pm.test(\"Status code is 200\", function () {",
									"    pm.response.to.have.status(200);",
									"});",
									"",
									"pm.test(\"Product updated successfully\", function () {",
									"    var jsonData = pm.response.json();",
									"    pm.expect(jsonData).to.have.property('id');",
									"});"
								],
								"type": "text/javascript"
							}
						}
					],
					"request": {
						"auth": {
							"type": "bearer",
							"bearer": [
								{
									"key": "token",
									"value": "{{token}}",
									"type": "string"
								}
							]
						},
						"method": "PATCH",
						"header": [],
						"body": {
							"mode": "raw",
							"raw": "{\n    \"name\": \"Wireless Mouse Pro\",\n    \"price\": 34.99,\n    \"stock\": 45\n}",
							"options": {
								"raw": {
									"language": "json"
								}
							}
						},
						"url": {
							"raw": "{{baseUrl}}/products/{{productId}}",
							"host": [
								"{{baseUrl}}"
							],
							"path": [
								"products",
								"{{productId}}"
							]
						},
						"description": "**Update existing product**\n\n**Method:** PATCH\n\n**Authorization:** Bearer Token (Admin)\n\n**URL Parameters:**\n- productId: ID of product to update"
					},
					"response": []
				},
				{
					"name": "Delete Product (Admin)",
					"event": [
						{
							"listen": "test",
							"script": {
								"exec": [
									"pm.test(\"Status code is 200 or 204\", function () {",
									"    pm.expect(pm.response.code).to.be.oneOf([200, 204]);",
									"});",
									"",
									"pm.test(\"Product deleted successfully\", function () {",
									"    pm.expect(pm.response.code).to.be.below(300);",
									"});"
								],
								"type": "text/javascript"
							}
						}
					],
					"request": {
						"auth": {
							"type": "bearer",
							"bearer": [
								{
									"key": "token",
									"value": "{{token}}",
									"type": "string"
								}
							]
						},
						"method": "DELETE",
						"header": [],
						"url": {
							"raw": "{{baseUrl}}/products/{{productId}}",
							"host": [
								"{{baseUrl}}"
							],
							"path": [
								"products",
								"{{productId}}"
							]
						},
						"description": "**Delete product**\n\n**Method:** DELETE\n\n**Expected Response Code:** 200 OK or 204 No Content\n\n**Authorization:** Bearer Token (Admin only)\n\n**Params:**\n- productId: Product ID to delete"
					},
					"response": []
				}
			],
			"description": "Product management endpoints"
		},
		{
			"name": "Cart",
			"item": [
				{
					"name": "Add to Cart",
					"event": [
						{
							"listen": "test",
							"script": {
								"exec": [
									"pm.test(\"Status code is 201\", function () {",
									"    pm.response.to.have.status(201);",
									"});",
									"",
									"pm.test(\"Item added to cart\", function () {",
									"    var jsonData = pm.response.json();",
									"    pm.expect(jsonData).to.have.property('id');",
									"    pm.expect(jsonData).to.have.property('quantity');",
									"});",
									"",
									"// Save cart item ID",
									"if (pm.response.code === 201) {",
									"    var jsonData = pm.response.json();",
									"    pm.collectionVariables.set(\"cartItemId\", jsonData.id);",
									"}",
									"",
									"pm.test(\"Response time is fast\", function () {",
									"    pm.expect(pm.response.responseTime).to.be.below(500);",
									"});"
								],
								"type": "text/javascript"
							}
						}
					],
					"request": {
						"method": "POST",
						"header": [
							{
								"key": "Content-Type",
								"value": "application/json"
							}
						],
						"body": {
							"mode": "raw",
							"raw": "{\n    \"productId\": {{productId}},\n    \"quantity\": 2,\n    \"sessionId\": \"{{sessionId}}\"\n}"
						},
						"url": {
							"raw": "{{baseUrl}}/cart",
							"host": [
								"{{baseUrl}}"
							],
							"path": [
								"cart"
							]
						},
						"description": "**Add product to cart**\n\n**Expected Response Code:** 201 Created\n\n**Body Parameters:**\n- productId: ID of product\n- quantity: Number of items\n- sessionId: Session identifier"
					},
					"response": []
				},
				{
					"name": "Get Cart",
					"event": [
						{
							"listen": "test",
							"script": {
								"exec": [
									"pm.test(\"Status code is 200\", function () {",
									"    pm.response.to.have.status(200);",
									"});",
									"",
									"pm.test(\"Cart is an array\", function () {",
									"    var jsonData = pm.response.json();",
									"    pm.expect(jsonData).to.be.an('array');",
									"});"
								],
								"type": "text/javascript"
							}
						}
					],
					"request": {
						"method": "GET",
						"header": [],
						"url": {
							"raw": "{{baseUrl}}/cart?sessionId={{sessionId}}",
							"host": [
								"{{baseUrl}}"
							],
							"path": [
								"cart"
							],
							"query": [
								{
									"key": "sessionId",
									"value": "{{sessionId}}"
								}
							]
						},
						"description": "**Get cart items**\n\n**Expected Response Code:** 200 OK\n\n**Query Parameters:**\n- sessionId: Session identifier (optional)"
					},
					"response": []
				},
				{
					"name": "Get Cart Total",
					"event": [
						{
							"listen": "test",
							"script": {
								"exec": [
									"pm.test(\"Status code is 200\", function () {",
									"    pm.response.to.have.status(200);",
									"});",
									"",
									"pm.test(\"Total is returned\", function () {",
									"    var jsonData = pm.response.json();",
									"    pm.expect(jsonData).to.have.property('total');",
									"    pm.expect(jsonData.total).to.be.a('number');",
									"});",
									"",
									"console.log(\"Cart Total: ₱\" + pm.response.json().total);"
								],
								"type": "text/javascript"
							}
						}
					],
					"request": {
						"method": "GET",
						"header": [],
						"url": {
							"raw": "{{baseUrl}}/cart/total?sessionId={{sessionId}}",
							"host": [
								"{{baseUrl}}"
							],
							"path": [
								"cart",
								"total"
							],
							"query": [
								{
									"key": "sessionId",
									"value": "{{sessionId}}"
								}
							]
						},
						"description": "**Calculate cart total amount**\n\n**Expected Response Code:** 200 OK\n\n**Returns:**\n- total: Sum of all cart items (price × quantity)"
					},
					"response": []
				},
				{
					"name": "Update Cart Item",
					"event": [
						{
							"listen": "test",
							"script": {
								"exec": [
									"pm.test(\"Status code is 200\", function () {",
									"    pm.response.to.have.status(200);",
									"});",
									"",
									"pm.test(\"Quantity updated\", function () {",
									"    var jsonData = pm.response.json();",
									"    pm.expect(jsonData).to.have.property('quantity');",
									"});"
								],
								"type": "text/javascript"
							}
						}
					],
					"request": {
						"method": "PATCH",
						"header": [
							{
								"key": "Content-Type",
								"value": "application/json"
							}
						],
						"body": {
							"mode": "raw",
							"raw": "{\n    \"quantity\": 5\n}"
						},
						"url": {
							"raw": "{{baseUrl}}/cart/{{cartItemId}}",
							"host": [
								"{{baseUrl}}"
							],
							"path": [
								"cart",
								"{{cartItemId}}"
							]
						},
						"description": "**Update cart item quantity**\n\n**Method:** PATCH\n\n**Expected Response Code:** 200 OK\n\n**URL Parameters:**\n- cartItemId: ID of cart item to update\n\n**Body:**\n```json\n{\n    \"quantity\": 5\n}\n```"
					},
					"response": []
				},
				{
					"name": "Remove Cart Item",
					"event": [
						{
							"listen": "test",
							"script": {
								"exec": [
									"pm.test(\"Status code is 200\", function () {",
									"    pm.response.to.have.status(200);",
									"});",
									"",
									"pm.test(\"Item removed\", function () {",
									"    var jsonData = pm.response.json();",
									"    pm.expect(jsonData).to.have.property('message');",
									"});"
								],
								"type": "text/javascript"
							}
						}
					],
					"request": {
						"method": "DELETE",
						"header": [],
						"url": {
							"raw": "{{baseUrl}}/cart/{{cartItemId}}",
							"host": [
								"{{baseUrl}}"
							],
							"path": [
								"cart",
								"{{cartItemId}}"
							]
						},
						"description": "**Remove item from cart**\n\n**Method:** DELETE\n\n**Expected Response Code:** 200 OK\n\n**URL Parameters:**\n- cartItemId: ID of cart item to remove"
					},
					"response": []
				},
				{
					"name": "Clear Cart",
					"event": [
						{
							"listen": "test",
							"script": {
								"exec": [
									"pm.test(\"Status code is 200\", function () {",
									"    pm.response.to.have.status(200);",
									"});",
									"",
									"pm.test(\"Cart cleared\", function () {",
									"    var jsonData = pm.response.json();",
									"    pm.expect(jsonData).to.have.property('message');",
									"});"
								],
								"type": "text/javascript"
							}
						}
					],
					"request": {
						"method": "DELETE",
						"header": [],
						"url": {
							"raw": "{{baseUrl}}/cart?sessionId={{sessionId}}",
							"host": [
								"{{baseUrl}}"
							],
							"path": [
								"cart"
							],
							"query": [
								{
									"key": "sessionId",
									"value": "{{sessionId}}"
								}
							]
						},
						"description": "**Clear entire cart**\n\n**Method:** DELETE\n\n**Expected Response Code:** 200 OK\n\n**Query Parameters:**\n- sessionId: Session ID of cart to clear"
					},
					"response": []
				}
			],
			"description": "Shopping cart management endpoints"
		},
		{
			"name": "Orders",
			"item": [
				{
					"name": "Create Order (Checkout)",
					"event": [
						{
							"listen": "test",
							"script": {
								"exec": [
									"pm.test(\"Status code is 201\", function () {",
									"    pm.response.to.have.status(201);",
									"});",
									"",
									"pm.test(\"Order created with items\", function () {",
									"    var jsonData = pm.response.json();",
									"    pm.expect(jsonData).to.have.property('id');",
									"    pm.expect(jsonData).to.have.property('totalAmount');",
									"    pm.expect(jsonData).to.have.property('status');",
									"    pm.expect(jsonData.items).to.be.an('array');",
									"});",
									"",
									"// Save order ID",
									"if (pm.response.code === 201) {",
									"    var jsonData = pm.response.json();",
									"    pm.collectionVariables.set(\"orderId\", jsonData.id);",
									"}",
									"",
									"console.log(\"Order Total: ₱\" + pm.response.json().totalAmount);"
								],
								"type": "text/javascript"
							}
						}
					],
					"request": {
						"auth": {
							"type": "bearer",
							"bearer": [
								{
									"key": "token",
									"value": "{{token}}",
									"type": "string"
								}
							]
						},
						"method": "POST",
						"header": [],
						"body": {
							"mode": "raw",
							"raw": "{\n    \"customerName\": \"John Doe\",\n    \"customerEmail\": \"user@techhub.com\",\n    \"customerAddress\": \"123 Main St, Manila\",\n    \"items\": [\n        {\n            \"productId\": {{productId}},\n            \"quantity\": 2\n        }\n    ]\n}",
							"options": {
								"raw": {
									"language": "json"
								}
							}
						},
						"url": {
							"raw": "{{baseUrl}}/orders",
							"host": [
								"{{baseUrl}}"
							],
							"path": [
								"orders"
							]
						},
						"description": "**Create new order (Checkout)**\n\n**Expected Response Code:** 201 Created\n\n**Authorization:** Bearer Token\n\n**Response includes:**\n- Order ID\n- Total amount\n- Status (default: pending)\n- Items array"
					},
					"response": []
				},
				{
					"name": "Get All Orders",
					"event": [
						{
							"listen": "test",
							"script": {
								"exec": [
									"pm.test(\"Status code is 200\", function () {",
									"    pm.response.to.have.status(200);",
									"});",
									"",
									"pm.test(\"Orders array returned\", function () {",
									"    var jsonData = pm.response.json();",
									"    pm.expect(jsonData).to.be.an('array');",
									"});",
									"",
									"console.log(\"Total Orders: \" + pm.response.json().length);"
								],
								"type": "text/javascript"
							}
						}
					],
					"request": {
						"auth": {
							"type": "bearer",
							"bearer": [
								{
									"key": "token",
									"value": "{{token}}",
									"type": "string"
								}
							]
						},
						"method": "GET",
						"header": [],
						"url": {
							"raw": "{{baseUrl}}/orders",
							"host": [
								"{{baseUrl}}"
							],
							"path": [
								"orders"
							]
						},
						"description": "**Get all orders**\n\n**Expected Response Code:** 200 OK\n\n**Authorization:** Bearer Token"
					},
					"response": []
				},
				{
					"name": "Get Order by ID",
					"event": [
						{
							"listen": "test",
							"script": {
								"exec": [
									"pm.test(\"Status code is 200\", function () {",
									"    pm.response.to.have.status(200);",
									"});",
									"",
									"pm.test(\"Order details returned\", function () {",
									"    var jsonData = pm.response.json();",
									"    pm.expect(jsonData).to.have.property('id');",
									"    pm.expect(jsonData).to.have.property('customerName');",
									"    pm.expect(jsonData).to.have.property('items');",
									"});"
								],
								"type": "text/javascript"
							}
						}
					],
					"request": {
						"auth": {
							"type": "bearer",
							"bearer": [
								{
									"key": "token",
									"value": "{{token}}",
									"type": "string"
								}
							]
						},
						"method": "GET",
						"header": [],
						"url": {
							"raw": "{{baseUrl}}/orders/{{orderId}}",
							"host": [
								"{{baseUrl}}"
							],
							"path": [
								"orders",
								"{{orderId}}"
							]
						},
						"description": "**Get specific order details**\n\n**Params:**\n- orderId: Order ID\n\n**Expected Response Code:** 200 OK"
					},
					"response": []
				},
				{
					"name": "Update Order Status (Admin)",
					"event": [
						{
							"listen": "test",
							"script": {
								"exec": [
									"pm.test(\"Status code is 200\", function () {",
									"    pm.response.to.have.status(200);",
									"});",
									"",
									"pm.test(\"Status updated successfully\", function () {",
									"    var jsonData = pm.response.json();",
									"    pm.expect(jsonData).to.have.property('status');",
									"});",
									"",
									"pm.test(\"Response time acceptable\", function () {",
									"    pm.expect(pm.response.responseTime).to.be.below(500);",
									"});"
								],
								"type": "text/javascript"
							}
						}
					],
					"request": {
						"auth": {
							"type": "bearer",
							"bearer": [
								{
									"key": "token",
									"value": "{{token}}",
									"type": "string"
								}
							]
						},
						"method": "PATCH",
						"header": [],
						"body": {
							"mode": "raw",
							"raw": "{\n    \"status\": \"processing\"\n}",
							"options": {
								"raw": {
									"language": "json"
								}
							}
						},
						"url": {
							"raw": "{{baseUrl}}/orders/{{orderId}}/status",
							"host": [
								"{{baseUrl}}"
							],
							"path": [
								"orders",
								"{{orderId}}",
								"status"
							]
						},
						"description": "**Update order status (Admin only)**\n\n**Method:** PATCH\n\n**Expected Response Code:** 200 OK\n\n**Authorization:** Bearer Token (Admin)\n\n**Valid Status Values:**\n- pending\n- processing\n- receiving\n- completed\n- cancelled\n\n**Body:**\n```json\n{\n    \"status\": \"processing\"\n}\n```"
					},
					"response": []
				},
				{
					"name": "Receive Order (User)",
					"event": [
						{
							"listen": "test",
							"script": {
								"exec": [
									"pm.test(\"Status code is 200\", function () {",
									"    pm.response.to.have.status(200);",
									"});",
									"",
									"pm.test(\"Order marked as completed\", function () {",
									"    var jsonData = pm.response.json();",
									"    pm.expect(jsonData.status).to.eql('completed');",
									"});",
									"",
									"console.log(\"Order completed successfully\");"
								],
								"type": "text/javascript"
							}
						}
					],
					"request": {
						"auth": {
							"type": "bearer",
							"bearer": [
								{
									"key": "token",
									"value": "{{token}}",
									"type": "string"
								}
							]
						},
						"method": "PATCH",
						"header": [],
						"url": {
							"raw": "{{baseUrl}}/orders/{{orderId}}/receive",
							"host": [
								"{{baseUrl}}"
							],
							"path": [
								"orders",
								"{{orderId}}",
								"receive"
							]
						},
						"description": "**User confirms order receipt**\n\n**Method:** PATCH\n\n**Expected Response Code:** 200 OK\n\n**Authorization:** Bearer Token (User)\n\n**Automatically sets status to 'completed'**"
					},
					"response": []
				}
			],
			"description": "Order management endpoints"
		},
		{
			"name": "Admin",
			"item": [
				{
					"name": "Get Dashboard Stats",
					"event": [
						{
							"listen": "test",
							"script": {
								"exec": [
									"pm.test(\"Status code is 200\", function () {",
									"    pm.response.to.have.status(200);",
									"});",
									"",
									"pm.test(\"Has dashboard statistics\", function () {",
									"    var jsonData = pm.response.json();",
									"    pm.expect(jsonData).to.be.an('object');",
									"});",
									"",
									"console.log(\"Dashboard Stats: \", JSON.stringify(pm.response.json(), null, 2));"
								],
								"type": "text/javascript"
							}
						}
					],
					"request": {
						"auth": {
							"type": "bearer",
							"bearer": [
								{
									"key": "token",
									"value": "{{token}}",
									"type": "string"
								}
							]
						},
						"method": "GET",
						"header": [],
						"url": {
							"raw": "{{baseUrl}}/admin/dashboard/stats",
							"host": [
								"{{baseUrl}}"
							],
							"path": [
								"admin",
								"dashboard",
								"stats"
							]
						},
						"description": "**Get admin dashboard statistics**\n\n**Expected Response Code:** 200 OK\n\n**Authorization:** Bearer Token (Admin role required)\n\n**Returns:**\n- Total users\n- Total orders\n- Total revenue\n- Other statistics"
					},
					"response": []
				},
				{
					"name": "Get All Users",
					"event": [
						{
							"listen": "test",
							"script": {
								"exec": [
									"pm.test(\"Status code is 200\", function () {",
									"    pm.response.to.have.status(200);",
									"});",
									"",
									"pm.test(\"Users array returned\", function () {",
									"    var jsonData = pm.response.json();",
									"    pm.expect(jsonData).to.be.an('array');",
									"});",
									"",
									"console.log(\"Total Users: \" + pm.response.json().length);"
								],
								"type": "text/javascript"
							}
						}
					],
					"request": {
						"auth": {
							"type": "bearer",
							"bearer": [
								{
									"key": "token",
									"value": "{{token}}",
									"type": "string"
								}
							]
						},
						"method": "GET",
						"header": [],
						"url": {
							"raw": "{{baseUrl}}/admin/users",
							"host": [
								"{{baseUrl}}"
							],
							"path": [
								"admin",
								"users"
							]
						},
						"description": "**Get all users (Admin only)**\n\n**Expected Response Code:** 200 OK\n\n**Authorization:** Bearer Token (Admin role required)\n\n**Returns:**\n- Array of all users with their details"
					},
					"response": []
				},
				{
					"name": "Get All Orders (Admin)",
					"event": [
						{
							"listen": "test",
							"script": {
								"exec": [
									"pm.test(\"Status code is 200\", function () {",
									"    pm.response.to.have.status(200);",
									"});",
									"",
									"pm.test(\"Orders array returned\", function () {",
									"    var jsonData = pm.response.json();",
									"    pm.expect(jsonData).to.be.an('array');",
									"});",
									"",
									"console.log(\"Total Orders (Admin): \" + pm.response.json().length);"
								],
								"type": "text/javascript"
							}
						}
					],
					"request": {
						"auth": {
							"type": "bearer",
							"bearer": [
								{
									"key": "token",
									"value": "{{token}}",
									"type": "string"
								}
							]
						},
						"method": "GET",
						"header": [],
						"url": {
							"raw": "{{baseUrl}}/admin/orders",
							"host": [
								"{{baseUrl}}"
							],
							"path": [
								"admin",
								"orders"
							]
						},
						"description": "**Get all orders through admin endpoint**\n\n**Expected Response Code:** 200 OK\n\n**Authorization:** Bearer Token (Admin role required)\n\n**Returns:**\n- Complete list of all orders in the system"
					},
					"response": []
				},
				{
					"name": "Update Order Status (Admin Endpoint)",
					"event": [
						{
							"listen": "test",
							"script": {
								"exec": [
									"pm.test(\"Status code is 200\", function () {",
									"    pm.response.to.have.status(200);",
									"});",
									"",
									"pm.test(\"Status updated successfully\", function () {",
									"    var jsonData = pm.response.json();",
									"    pm.expect(jsonData).to.have.property('status');",
									"});",
									"",
									"console.log(\"Order status updated to: \" + pm.response.json().status);"
								],
								"type": "text/javascript"
							}
						}
					],
					"request": {
						"auth": {
							"type": "bearer",
							"bearer": [
								{
									"key": "token",
									"value": "{{token}}",
									"type": "string"
								}
							]
						},
						"method": "PATCH",
						"header": [
							{
								"key": "Content-Type",
								"value": "application/json"
							}
						],
						"body": {
							"mode": "raw",
							"raw": "{\n    \"status\": \"processing\"\n}"
						},
						"url": {
							"raw": "{{baseUrl}}/admin/orders/{{orderId}}/status",
							"host": [
								"{{baseUrl}}"
							],
							"path": [
								"admin",
								"orders",
								"{{orderId}}",
								"status"
							]
						},
						"description": "**Update order status via admin endpoint**\n\n**Method:** PATCH\n\n**Expected Response Code:** 200 OK\n\n**Authorization:** Bearer Token (Admin role required)\n\n**Valid Status Values:**\n- pending\n- processing\n- receiving\n- completed\n- cancelled"
					},
					"response": []
				}
			],
			"description": "Admin-only endpoints for managing users, orders, and dashboard"
		},
		{
			"name": "User",
			"item": [
				{
					"name": "Get User Profile",
					"event": [
						{
							"listen": "test",
							"script": {
								"exec": [
									"pm.test(\"Status code is 200\", function () {",
									"    pm.response.to.have.status(200);",
									"});",
									"",
									"pm.test(\"Profile has user data\", function () {",
									"    var jsonData = pm.response.json();",
									"    pm.expect(jsonData).to.have.property('id');",
									"    pm.expect(jsonData).to.have.property('email');",
									"    pm.expect(jsonData).to.have.property('name');",
									"});",
									"",
									"console.log(\"User: \" + pm.response.json().name);"
								],
								"type": "text/javascript"
							}
						}
					],
					"request": {
						"auth": {
							"type": "bearer",
							"bearer": [
								{
									"key": "token",
									"value": "{{token}}",
									"type": "string"
								}
							]
						},
						"method": "GET",
						"header": [],
						"url": {
							"raw": "{{baseUrl}}/user/profile",
							"host": [
								"{{baseUrl}}"
							],
							"path": [
								"user",
								"profile"
							]
						},
						"description": "**Get logged-in user profile**\n\n**Expected Response Code:** 200 OK\n\n**Authorization:** Bearer Token (User required)\n\n**Returns:**\n- User's profile information"
					},
					"response": []
				},
				{
					"name": "Get My Orders",
					"event": [
						{
							"listen": "test",
							"script": {
								"exec": [
									"pm.test(\"Status code is 200\", function () {",
									"    pm.response.to.have.status(200);",
									"});",
									"",
									"pm.test(\"Orders array returned\", function () {",
									"    var jsonData = pm.response.json();",
									"    pm.expect(jsonData).to.be.an('array');",
									"});",
									"",
									"console.log(\"My Orders: \" + pm.response.json().length);"
								],
								"type": "text/javascript"
							}
						}
					],
					"request": {
						"auth": {
							"type": "bearer",
							"bearer": [
								{
									"key": "token",
									"value": "{{token}}",
									"type": "string"
								}
							]
						},
						"method": "GET",
						"header": [],
						"url": {
							"raw": "{{baseUrl}}/user/orders",
							"host": [
								"{{baseUrl}}"
							],
							"path": [
								"user",
								"orders"
							]
						},
						"description": "**Get current user's orders**\n\n**Expected Response Code:** 200 OK\n\n**Authorization:** Bearer Token (User required)\n\n**Returns:**\n- Array of orders belonging to the authenticated user"
					},
					"response": []
				},
				{
					"name": "Update User Profile",
					"event": [
						{
							"listen": "test",
							"script": {
								"exec": [
									"pm.test(\"Status code is 200\", function () {",
									"    pm.response.to.have.status(200);",
									"});",
									"",
									"pm.test(\"Profile updated\", function () {",
									"    var jsonData = pm.response.json();",
									"    pm.expect(jsonData).to.have.property('id');",
									"});",
									"",
									"console.log(\"Profile updated successfully\");"
								],
								"type": "text/javascript"
							}
						}
					],
					"request": {
						"auth": {
							"type": "bearer",
							"bearer": [
								{
									"key": "token",
									"value": "{{token}}",
									"type": "string"
								}
							]
						},
						"method": "PATCH",
						"header": [
							{
								"key": "Content-Type",
								"value": "application/json"
							}
						],
						"body": {
							"mode": "raw",
							"raw": "{\n    \"name\": \"Updated Name\"\n}"
						},
						"url": {
							"raw": "{{baseUrl}}/user/profile",
							"host": [
								"{{baseUrl}}"
							],
							"path": [
								"user",
								"profile"
							]
						},
						"description": "**Update user profile**\n\n**Method:** PATCH\n\n**Expected Response Code:** 200 OK\n\n**Authorization:** Bearer Token (User required)\n\n**Body:**\n```json\n{\n    \"name\": \"Updated Name\"\n}\n```"
					},
					"response": []
				}
			],
			"description": "User-specific endpoints for profile and order management"
		}
	]
}
